color,#008040
value
981
1002
1023
1002
981
960
939
914
889
864
839
814
789
764
739
714
689
664
639
614
589
564
539
514
489
464
439
414
389
364
339
314
289
264
239
264
289
314
337
360
383
406
429
452
475
498
521
544
567
590
613
636
659
682
705
728
751
774
797
820
843
866
889
866
843
820
797
774
751
723
695
667
639
611
583
555
527
499
471
443
415
387
359
331
303
275
247
219
191
163
191
219
247
275
303
331
359
387
415
443
469
495
521
547
573
599
625
651
677
703
677
651
625
599
573
547
521
495
469
443
417
391
365
339
313
287
261
235
209
183
157
134
157
180
203
226
249
272
295
318
341
364
387
410
433
456
479
502
525
548
571
594
617
640
663
686
709
732
755
778
801
824
847
870
893
916
939
962
985
1008
1023
1000
977
954
931
908
885
862
839
816
793
770
747
724
701
678
655
632
609
586
563
540
517
494
471
448
425
402
379
356
333
310
287
264
241
218
195
172
149
126
103
80
57
34
