color,#00ffff
value
12
26
39
52
62
74
88
101
114
128
138
148
160
172
184
197
209
223
233
245
258
272
286
298
308
321
335
348
359
369
381
392
404
416
426
439
453
467
481
492
504
516
529
540
550
560
573
584
598
610
621
634
647
661
674
684
698
709
719
732
744
755
769
783
794
807
819
832
845
858
871
882
892
905
915
929
942
953
963
977
987
1001
1015
1022
1010
996
982
972
959
948
937
926
912
900
888
875
862
850
839
829
816
804
791
780
768
757
745
733
723
713
703
690
676
662
648
637
625
615
604
592
578
566
556
545
531
520
509
495
482
470
458
444
432
420
408
395
381
369
356
343
329
316
305
293
280
266
252
242
228
215
203
192
178
168
158
147
137
123
109
96
85
72
61
47
36
26
12
2
13
27
38
52
65
78
92
102
112
126
139
151
161
173
185
199
211
221
232
242
255
265
279
292
302
312
322
336
348
359
373
385
399
409
422
433
445
455
466
479
493
505
